{
  "login": "alblue",
  "id": 76791,
  "avatar_url": "../users/alblue.jpg",
  "gravatar_id": "",
  "url": "../users/alblue.json",
  "html_url": "https://github.com/alblue",
  "followers_url": "../users/alblue/followers.json",
  "following_url": "../users/alblue/following{/other_user}.json",
  "gists_url": "../users/alblue/gists{/gist_id}.json",
  "starred_url": "../users/alblue/starred{/owner}{/repo}.json",
  "subscriptions_url": "../users/alblue/subscriptions.json",
  "organizations_url": "../users/alblue/orgs.json",
  "repos_url": "../users/alblue/repos.json",
  "events_url": "../users/alblue/events{/privacy}.json",
  "received_events_url": "../users/alblue/received_events.json",
  "type": "User",
  "site_admin": false,
  "name": "Alex Blewitt",
  "company": "Bandlem Ltd",
  "blog": "http://alblue.bandlem.com",
  "location": "Milton Keynes, UK",
  "email": "Alex.Blewitt+github@gmail.com",
  "hireable": false,
  "bio": null,
  "public_repos": 22,
  "public_gists": 1,
  "followers": 19,
  "following": 1,
  "created_at": "2009-04-22T23:57:30Z",
  "updated_at": "2014-10-16T16:04:16Z"
}
