{
  "current_user_url": "user.json",
  "authorizations_url": "authorizations.json",
  "code_search_url": "search/code?q={query}{&page,per_page,sort,order}.json",
  "emails_url": "user/emails.json",
  "emojis_url": "emojis.json",
  "events_url": "events.json",
  "feeds_url": "feeds.json",
  "following_url": "user/following{/target}.json",
  "gists_url": "gists{/gist_id}.json",
  "hub_url": "hub.json",
  "issue_search_url": "search/issues?q={query}{&page,per_page,sort,order}.json",
  "issues_url": "issues.json",
  "keys_url": "user/keys.json",
  "notifications_url": "notifications.json",
  "organization_repositories_url": "orgs/{org}/repos{?type,page,per_page,sort}.json",
  "organization_url": "orgs/{org}.json",
  "public_gists_url": "gists/public.json",
  "rate_limit_url": "rate_limit.json",
  "repository_url": "repos/{owner}/{repo}.json",
  "repository_search_url": "search/repositories?q={query}{&page,per_page,sort,order}.json",
  "current_user_repositories_url": "user/repos{?type,page,per_page,sort}.json",
  "starred_url": "user/starred{/owner}{/repo}.json",
  "starred_gists_url": "gists/starred.json",
  "team_url": "teams.json",
  "user_url": "users/{user}.json",
  "user_organizations_url": "user/orgs.json",
  "user_repositories_url": "users/{user}/repos{?type,page,per_page,sort}.json",
  "user_search_url": "search/users?q={query}{&page,per_page,sort,order}"
}
