{"classifier":{"classFeatures":{"weather":{"0":2},"temperature":{"1":2,"3":3,"6":4,"7":2,"9":2,"11":3,"13":3,"14":2,"15":3,"20":3,"21":3,"22":2,"23":2},"temperature,question,hot":{"1":4,"2":2,"3":3,"4":2,"5":2,"18":2},"temperature,question,cold":{"2":2,"3":3,"4":2,"6":6,"7":2,"12":2,"16":2,"19":2},"temperature,question,low,cold":{"3":2,"8":2},"temperature,high":{"7":2,"9":3,"10":3},"temperature,question":{"3":2,"10":2,"11":2,"12":2},"temperature,low":{"9":2,"17":2},"conditions,question":{"2":2,"3":7,"7":3,"9":2,"24":3,"25":2,"27":4,"28":2,"29":2,"32":2,"33":2,"34":2,"35":2,"39":2,"40":2},"conditions,question,rain":{"3":4,"7":2,"25":4,"38":2,"41":2},"conditions":{"3":2,"7":2,"9":4,"12":2,"13":2,"15":2,"25":3,"26":2,"27":3,"36":2,"37":2},"conditions,question,clouds":{"3":2,"30":2,"31":3},"conditions,question,clear":{"28":2}},"classTotals":{"weather":2,"temperature":10,"temperature,question,hot":6,"temperature,question,cold":7,"temperature,question,low,cold":2,"temperature,high":3,"temperature,question":2,"temperature,low":2,"conditions,question":11,"conditions,question,rain":6,"conditions":7,"conditions,question,clouds":4,"conditions,question,clear":2},"totalExamples":52,"smoothing":1},"docs":[{"label":"weather","text":["weather"]},{"label":"temperature","text":["hot"]},{"label":["temperature","question","hot"],"text":["hot","outsid"]},{"label":["temperature","question","hot"],"text":["will","uncomfort","hot"]},{"label":["temperature","question","hot"],"text":["will","swelter"]},{"label":"temperature","text":["cold","todai"]},{"label":["temperature","question","cold"],"text":["cold","outsid"]},{"label":["temperature","question","cold"],"text":["will","uncomfort","cold"]},{"label":["temperature","question","low","cold"],"text":["will","frigid"]},{"label":["temperature","high"],"text":["expect","high","todai"]},{"label":"temperature","text":["expect","temperatur"]},{"label":"temperature","text":["temperatur"]},{"label":["temperature","question"],"text":["will","high","temperatur","danger"]},{"label":["temperature","question","cold"],"text":["danger","cold"]},{"label":"temperature","text":["when","will","heat","subsid"]},{"label":["temperature","question","hot"],"text":["hot"]},{"label":["temperature","question","cold"],"text":["cold"]},{"label":"temperature","text":["cold"]},{"label":["temperature","question","cold"],"text":["will","cold","dai","todai"]},{"label":"temperature","text":["when","will","cold","subsid"]},{"label":["temperature","high"],"text":["high","expect"]},{"label":["temperature","low"],"text":["low","expect"]},{"label":["temperature","question","hot"],"text":["warm"]},{"label":["temperature","question","cold"],"text":["chilli"]},{"label":"temperature","text":["current","temp","celsiu"]},{"label":"temperature","text":["current","temp","fahrenheit"]},{"label":["conditions","question"],"text":["windi"]},{"label":["conditions","question","rain"],"text":["will","rain","todai"]},{"label":"conditions","text":["chanc","rain"]},{"label":["conditions","question"],"text":["will","snow"]},{"label":["conditions","question"],"text":["expect","sunni","condit"]},{"label":["conditions","question","clouds"],"text":["overcast"]},{"label":["conditions","question","clouds"],"text":["will","cloudi"]},{"label":["conditions","question"],"text":["rain","will","fall","todai"]},{"label":"conditions","text":["snow","expect"]},{"label":["conditions","question"],"text":["windi","outsid"]},{"label":"conditions","text":["snow","expect"]},{"label":["conditions","question"],"text":["forecast","call","snow","todai"]},{"label":["conditions","question"],"text":["will","sun"]},{"label":"conditions","text":["when","will","rain","subsid"]},{"label":["conditions","question","clouds"],"text":["cloudi"]},{"label":["conditions","question","clear"],"text":["sunni"]},{"label":["conditions","question","rain"],"text":["will","rain"]},{"label":["conditions","question","rain"],"text":["rain"]},{"label":["conditions","question"],"text":["will","snow"]},{"label":"conditions","text":["wind","danger"]},{"label":"conditions","text":["expect","snowfal","todai"]},{"label":["conditions","question","rain"],"text":["will","dry"]},{"label":["conditions","question"],"text":["will","breezi"]},{"label":["conditions","question"],"text":["will","humid"]},{"label":["conditions","question","rain"],"text":["drizzl"]}],"features":{"weather":1,"hot":1,"outsid":1,"will":1,"uncomfort":1,"swelter":1,"cold":1,"todai":1,"frigid":1,"expect":1,"high":1,"temperatur":1,"danger":1,"when":1,"heat":1,"subsid":1,"dai":1,"low":1,"warm":1,"chilli":1,"current":1,"temp":1,"celsiu":1,"fahrenheit":1,"windi":1,"rain":1,"chanc":1,"snow":1,"sunni":1,"condit":1,"overcast":1,"cloudi":1,"fall":1,"forecast":1,"call":1,"sun":1,"wind":1,"snowfal":1,"dry":1,"breezi":1,"humid":1,"drizzl":1},"stemmer":{},"lastAdded":51,"events":{"domain":null,"_events":{},"_eventsCount":0}}